algo,env,dataset,env_d4rl_name,guidance_scale,target_return,stage,n_seeds,minari_score_mean,minari_score_std,raw_return_mean,raw_return_std,d4rl_equiv_mean,d4rl_equiv_std,paper_d4rl_score,paper_source,delta_d4rl_equiv_minus_paper,notes
bc,halfcheetah,medium,halfcheetah-medium-v0,,,full,3,94.372,0.4,15328.739,64.976,125.724,0.523,42.6,"D4RL paper, Fu et al. 2020 (also CORL reproduction)",83.124,
bc,halfcheetah,expert,halfcheetah-expert-v0,,,full,3,104.257,1.075,16934.349,174.606,138.657,1.406,91.8,"D4RL paper, Fu et al. 2020 (also CORL reproduction)",46.857,
bc,hopper,medium,hopper-medium-v0,,,full,3,89.222,5.603,3442.022,216.148,106.382,6.641,52.9,"D4RL paper, Fu et al. 2020 (also CORL reproduction)",53.482,
bc,hopper,expert,hopper-expert-v0,,,full,3,105.944,0.527,4087.096,20.337,126.203,0.625,107.7,"D4RL paper, Fu et al. 2020 (also CORL reproduction)",18.503,
bc,walker2d,medium,walker2d-medium-v0,,,full,3,89.091,0.295,6100.777,20.177,132.86,0.44,75.3,"D4RL paper, Fu et al. 2020 (also CORL reproduction)",57.56,
bc,walker2d,expert,walker2d-expert-v0,,,full,3,101.258,0.326,6933.91,22.35,151.008,0.487,107.5,"D4RL paper, Fu et al. 2020 (also CORL reproduction)",43.508,
cql,halfcheetah,medium,halfcheetah-medium-v0,,,full,3,55.677,16.064,9043.553,2609.321,75.099,21.017,44.0,"CQL paper, Kumar et al. 2020 / CORL reproduction",31.099,
cql,halfcheetah,expert,halfcheetah-expert-v0,,,full,3,35.415,17.087,5752.453,2775.387,48.591,22.355,91.6,"CQL paper, Kumar et al. 2020 / CORL reproduction",-43.009,
cql,hopper,medium,hopper-medium-v0,,,full,3,92.655,0.278,3574.465,10.712,110.452,0.329,58.5,"CQL paper, Kumar et al. 2020 / CORL reproduction",51.952,
cql,hopper,expert,hopper-expert-v0,,,full,3,103.538,3.277,3994.303,126.425,123.352,3.885,105.6,"CQL paper, Kumar et al. 2020 / CORL reproduction",17.752,
cql,walker2d,medium,walker2d-medium-v0,,,full,3,90.686,0.425,6210.013,29.076,135.239,0.633,72.5,"CQL paper, Kumar et al. 2020 / CORL reproduction",62.739,
cql,walker2d,expert,walker2d-expert-v0,,,full,3,68.558,40.316,4694.744,2760.768,102.232,60.139,108.8,"CQL paper, Kumar et al. 2020 / CORL reproduction",-6.568,
iql,halfcheetah,medium,halfcheetah-medium-v0,,,full,3,86.263,9.952,14011.68,1616.45,115.116,13.02,47.4,"IQL paper, Kostrikov et al. 2021, Table 1",67.716,
iql,halfcheetah,expert,halfcheetah-expert-v0,,,full,3,99.573,5.995,16173.633,973.824,132.53,7.844,95.5,"IQL paper, Kostrikov et al. 2021, Table 1",37.03,
iql,hopper,medium,hopper-medium-v0,,,full,3,85.373,8.551,3293.542,329.886,101.82,10.136,66.3,"IQL paper, Kostrikov et al. 2021, Table 1",35.52,
iql,hopper,expert,hopper-expert-v0,,,full,3,104.597,1.273,4035.15,49.091,124.607,1.508,113.3,"IQL paper, Kostrikov et al. 2021, Table 1",11.307,
iql,walker2d,medium,walker2d-medium-v0,,,full,3,91.068,0.496,6236.175,33.986,135.809,0.74,78.3,"IQL paper, Kostrikov et al. 2021, Table 1",57.509,
iql,walker2d,expert,walker2d-expert-v0,,,full,3,70.027,41.084,4795.336,2813.335,104.423,61.284,110.4,"IQL paper, Kostrikov et al. 2021, Table 1",-5.977,
dt,halfcheetah,medium,halfcheetah-medium-v0,,6000.0,full,3,67.161,12.427,10908.924,2018.5,90.124,16.258,42.6,"Decision Transformer paper, Chen et al. 2021, Table 2",47.524,
dt,halfcheetah,medium,halfcheetah-medium-v0,,12000.0,full,3,84.63,2.485,13746.449,403.681,112.98,3.252,42.6,"Decision Transformer paper, Chen et al. 2021, Table 2",70.38,
dt,halfcheetah,expert,halfcheetah-expert-v0,,6000.0,full,3,79.911,11.757,12979.855,1909.663,106.805,15.382,91.0,"Decision Transformer paper, Chen et al. 2021, Table 2",15.805,
dt,halfcheetah,expert,halfcheetah-expert-v0,,12000.0,full,3,96.864,2.999,15733.603,487.056,128.986,3.923,91.0,"Decision Transformer paper, Chen et al. 2021, Table 2",37.986,
dt,hopper,medium,hopper-medium-v0,,1800.0,full,3,81.814,5.738,3156.205,221.377,97.6,6.802,67.6,"Decision Transformer paper, Chen et al. 2021, Table 2",30.0,
dt,hopper,medium,hopper-medium-v0,,3600.0,full,3,92.56,0.338,3570.777,13.042,110.339,0.401,67.6,"Decision Transformer paper, Chen et al. 2021, Table 2",42.739,
dt,hopper,expert,hopper-expert-v0,,1800.0,full,3,102.035,3.329,3936.303,128.425,121.57,3.946,110.6,"Decision Transformer paper, Chen et al. 2021, Table 2",10.97,
dt,hopper,expert,hopper-expert-v0,,3600.0,full,3,100.418,1.056,3873.91,40.75,119.653,1.252,110.6,"Decision Transformer paper, Chen et al. 2021, Table 2",9.053,
dt,walker2d,medium,walker2d-medium-v0,,2500.0,full,3,87.761,1.087,6009.708,74.43,130.876,1.621,74.0,"Decision Transformer paper, Chen et al. 2021, Table 2",56.876,
dt,walker2d,medium,walker2d-medium-v0,,5000.0,full,3,88.444,1.055,6056.475,72.247,131.895,1.574,74.0,"Decision Transformer paper, Chen et al. 2021, Table 2",57.895,
dt,walker2d,expert,walker2d-expert-v0,,2500.0,full,3,100.282,0.173,6867.128,11.819,149.553,0.257,108.1,"Decision Transformer paper, Chen et al. 2021, Table 2",41.453,
dt,walker2d,expert,walker2d-expert-v0,,5000.0,full,3,100.76,0.237,6899.854,16.213,150.266,0.353,108.1,"Decision Transformer paper, Chen et al. 2021, Table 2",42.166,
dql,halfcheetah,medium,halfcheetah-medium-v0,,,full,3,95.013,0.416,15432.865,67.605,126.563,0.545,51.1,"Diffusion-QL paper, Wang et al. 2023, Table 1",75.463,
dql,halfcheetah,expert,halfcheetah-expert-v0,,,full,3,98.441,4.575,15989.742,743.041,131.049,5.985,96.8,"Diffusion-QL paper, Wang et al. 2023, Table 1",34.249,
dql,hopper,medium,hopper-medium-v0,,,full,3,43.272,5.34,1669.345,206.007,51.915,6.33,90.5,"Diffusion-QL paper, Wang et al. 2023, Table 1",-38.585,
dql,hopper,expert,hopper-expert-v0,,,full,3,93.113,7.218,3592.136,278.458,110.995,8.556,111.1,"Diffusion-QL paper, Wang et al. 2023, Table 1",-0.105,
dql,walker2d,medium,walker2d-medium-v0,,,full,3,90.495,0.229,6196.887,15.705,134.953,0.342,87.0,"Diffusion-QL paper, Wang et al. 2023, Table 1",47.953,
dql,walker2d,expert,walker2d-expert-v0,,,full,3,101.11,0.258,6923.837,17.667,150.789,0.385,110.1,"Diffusion-QL paper, Wang et al. 2023, Table 1",40.689,
eda,halfcheetah,medium,halfcheetah-medium-v0,,,finetune,3,-240.799,178.045,-39112.838,28919.774,-312.784,232.939,56.7,"Efficient Diffusion Alignment paper, Chen et al. 2024",-369.484,
eda,halfcheetah,expert,halfcheetah-expert-v0,,,finetune,3,-4.645,2.929,-754.45,475.717,-3.82,3.832,94.5,"Efficient Diffusion Alignment paper, Chen et al. 2024",-98.32,
eda,hopper,medium,hopper-medium-v0,,,finetune,3,-0.363,0.85,-14.021,32.803,0.192,1.008,76.5,"Efficient Diffusion Alignment paper, Chen et al. 2024",-76.308,
eda,hopper,expert,hopper-expert-v0,,,finetune,3,0.695,0.518,26.799,19.989,1.446,0.614,112.7,"Efficient Diffusion Alignment paper, Chen et al. 2024",-111.254,
eda,walker2d,medium,walker2d-medium-v0,,,finetune,3,-0.265,0.111,-18.173,7.584,-0.431,0.165,83.0,"Efficient Diffusion Alignment paper, Chen et al. 2024",-83.431,
eda,walker2d,expert,walker2d-expert-v0,,,finetune,3,-0.204,0.093,-13.98,6.375,-0.34,0.139,109.3,"Efficient Diffusion Alignment paper, Chen et al. 2024",-109.64,
eda,humanoid,medium,humanoid-medium-v0,,,finetune,3,-151.949,94.778,-13071.91,8153.602,,,,"Efficient Diffusion Alignment paper, Chen et al. 2024",,humanoid not in D4RL papers
eda,humanoid,expert,humanoid-expert-v0,,,finetune,3,-234.865,243.158,-20205.063,20918.539,,,,"Efficient Diffusion Alignment paper, Chen et al. 2024",,humanoid not in D4RL papers
qgpo,halfcheetah,medium,halfcheetah-medium-v0,0.0,,critic,3,-452814.959,441942.877,-73550392.005,71784447.889,-592420.875,578199.059,54.1,"QGPO paper, Lu et al. 2023, Table 1",-592474.975,
qgpo,halfcheetah,medium,halfcheetah-medium-v0,1.0,,critic,3,-13373102.315,18254834.609,-2172182914.31,2965119005.84,-17496184.649,23883014.631,54.1,"QGPO paper, Lu et al. 2023, Table 1",-17496238.749,
qgpo,halfcheetah,medium,halfcheetah-medium-v0,2.0,,critic,3,-10949439.876,12942037.37,-1778509253.856,2102165360.711,-14325278.6,16932219.573,54.1,"QGPO paper, Lu et al. 2023, Table 1",-14325332.7,
qgpo,halfcheetah,medium,halfcheetah-medium-v0,3.0,,critic,3,-41075893.877,55707738.918,-6671926436.288,9048565981.596,-53740072.385,72883089.449,54.1,"QGPO paper, Lu et al. 2023, Table 1",-53740126.485,
qgpo,halfcheetah,medium,halfcheetah-medium-v0,5.0,,critic,3,-7801097.616,6552430.703,-1267126397.057,1064306372.966,-10206265.425,8572622.086,54.1,"QGPO paper, Lu et al. 2023, Table 1",-10206319.525,
qgpo,halfcheetah,medium,halfcheetah-medium-v0,8.0,,critic,3,-4450067.695,3147790.309,-722821136.514,511293203.833,-5822073.601,4118291.051,54.1,"QGPO paper, Lu et al. 2023, Table 1",-5822127.701,
qgpo,halfcheetah,medium,halfcheetah-medium-v0,10.0,,critic,3,-6155970.584,4621863.125,-999909655.081,750725738.523,-8053926.397,6046837.837,54.1,"QGPO paper, Lu et al. 2023, Table 1",-8053980.497,
qgpo,halfcheetah,expert,halfcheetah-expert-v0,0.0,,critic,3,-442759.293,445514.759,-71917057.819,72364626.071,-579264.93,582872.195,93.5,"QGPO paper, Lu et al. 2023, Table 1",-579358.43,
qgpo,halfcheetah,expert,halfcheetah-expert-v0,1.0,,critic,3,-16882065.28,23713057.597,-2742141120.076,3851694045.683,-22087002.131,31024071.906,93.5,"QGPO paper, Lu et al. 2023, Table 1",-22087095.631,
qgpo,halfcheetah,expert,halfcheetah-expert-v0,2.0,,critic,3,-6945928.811,9609364.785,-1128221973.638,1560841868.464,-9087438.028,12572044.868,93.5,"QGPO paper, Lu et al. 2023, Table 1",-9087531.528,
qgpo,halfcheetah,expert,halfcheetah-expert-v0,3.0,,critic,3,-159592396.52,225384548.538,-25922472498.642,36609042087.732,-208796605.483,294873253.348,93.5,"QGPO paper, Lu et al. 2023, Table 1",-208796698.983,
qgpo,halfcheetah,expert,halfcheetah-expert-v0,5.0,,critic,3,-844052.652,869500.093,-137098835.198,141232243.707,-1104281.747,1137577.189,93.5,"QGPO paper, Lu et al. 2023, Table 1",-1104375.247,
qgpo,halfcheetah,expert,halfcheetah-expert-v0,8.0,,critic,3,-1319524.163,1188848.823,-214329313.726,193103816.897,-1726346.711,1555384.885,93.5,"QGPO paper, Lu et al. 2023, Table 1",-1726440.211,
qgpo,halfcheetah,expert,halfcheetah-expert-v0,10.0,,critic,3,-1702249.045,1382998.791,-276495027.448,224639449.682,-2227070.172,1809393.57,93.5,"QGPO paper, Lu et al. 2023, Table 1",-2227163.672,
qgpo,hopper,medium,hopper-medium-v0,0.0,,critic,3,72.301,17.598,2789.214,678.911,86.324,20.86,98.0,"QGPO paper, Lu et al. 2023, Table 1",-11.676,
qgpo,hopper,medium,hopper-medium-v0,1.0,,critic,3,67.537,16.692,2605.446,643.932,80.678,19.785,98.0,"QGPO paper, Lu et al. 2023, Table 1",-17.322,
qgpo,hopper,medium,hopper-medium-v0,2.0,,critic,3,64.746,12.61,2497.778,486.484,77.37,14.948,98.0,"QGPO paper, Lu et al. 2023, Table 1",-20.63,
qgpo,hopper,medium,hopper-medium-v0,3.0,,critic,3,65.708,16.584,2534.88,639.762,78.51,19.657,98.0,"QGPO paper, Lu et al. 2023, Table 1",-19.49,
qgpo,hopper,medium,hopper-medium-v0,5.0,,critic,3,54.766,8.812,2112.764,339.955,65.54,10.445,98.0,"QGPO paper, Lu et al. 2023, Table 1",-32.46,
qgpo,hopper,medium,hopper-medium-v0,8.0,,critic,3,44.05,2.448,1699.353,94.44,52.837,2.902,98.0,"QGPO paper, Lu et al. 2023, Table 1",-45.163,
qgpo,hopper,medium,hopper-medium-v0,10.0,,critic,3,42.233,4.972,1629.281,191.814,50.684,5.894,98.0,"QGPO paper, Lu et al. 2023, Table 1",-47.316,
qgpo,hopper,expert,hopper-expert-v0,0.0,,critic,3,-0.011,40.336,-0.42,1556.072,0.61,47.812,108.0,"QGPO paper, Lu et al. 2023, Table 1",-107.39,
qgpo,hopper,expert,hopper-expert-v0,1.0,,critic,3,-23.076,63.987,-890.241,2468.502,-26.731,75.847,108.0,"QGPO paper, Lu et al. 2023, Table 1",-134.731,
qgpo,hopper,expert,hopper-expert-v0,2.0,,critic,3,-92.918,109.252,-3584.606,4214.732,-109.518,129.502,108.0,"QGPO paper, Lu et al. 2023, Table 1",-217.518,
qgpo,hopper,expert,hopper-expert-v0,3.0,,critic,3,-205.502,195.036,-7927.859,7524.102,-242.969,231.186,108.0,"QGPO paper, Lu et al. 2023, Table 1",-350.969,
qgpo,hopper,expert,hopper-expert-v0,5.0,,critic,3,-663.155,598.685,-25583.219,23096.085,-785.447,709.65,108.0,"QGPO paper, Lu et al. 2023, Table 1",-893.447,
qgpo,hopper,expert,hopper-expert-v0,8.0,,critic,3,-1356.069,993.772,-52314.475,38337.761,-1606.792,1177.966,108.0,"QGPO paper, Lu et al. 2023, Table 1",-1714.792,
qgpo,hopper,expert,hopper-expert-v0,10.0,,critic,3,-2288.409,1675.736,-88282.308,64646.6,-2711.94,1986.332,108.0,"QGPO paper, Lu et al. 2023, Table 1",-2819.94,
qgpo,walker2d,medium,walker2d-medium-v0,0.0,,critic,3,12.18,93.118,834.083,6376.527,18.134,138.902,86.0,"QGPO paper, Lu et al. 2023, Table 1",-67.866,
qgpo,walker2d,medium,walker2d-medium-v0,1.0,,critic,3,34.194,75.748,2341.539,5187.051,50.971,112.991,86.0,"QGPO paper, Lu et al. 2023, Table 1",-35.029,
qgpo,walker2d,medium,walker2d-medium-v0,2.0,,critic,3,31.381,78.241,2148.921,5357.794,46.775,116.71,86.0,"QGPO paper, Lu et al. 2023, Table 1",-39.225,
qgpo,walker2d,medium,walker2d-medium-v0,3.0,,critic,3,25.251,81.545,1729.118,5584.038,37.63,121.639,86.0,"QGPO paper, Lu et al. 2023, Table 1",-48.37,
qgpo,walker2d,medium,walker2d-medium-v0,5.0,,critic,3,15.777,100.297,1080.346,6868.164,23.498,149.611,86.0,"QGPO paper, Lu et al. 2023, Table 1",-62.502,
qgpo,walker2d,medium,walker2d-medium-v0,8.0,,critic,3,-13.471,140.983,-922.445,9654.231,-20.129,210.301,86.0,"QGPO paper, Lu et al. 2023, Table 1",-106.129,
qgpo,walker2d,medium,walker2d-medium-v0,10.0,,critic,3,-49.727,165.679,-3405.185,11345.379,-74.212,247.14,86.0,"QGPO paper, Lu et al. 2023, Table 1",-160.212,
qgpo,walker2d,expert,walker2d-expert-v0,0.0,,critic,3,-247.88,482.577,-16974.34,33045.872,-369.793,719.848,110.7,"QGPO paper, Lu et al. 2023, Table 1",-480.493,
qgpo,walker2d,expert,walker2d-expert-v0,1.0,,critic,3,-658.27,1041.077,-45076.952,71290.822,-981.961,1552.95,110.7,"QGPO paper, Lu et al. 2023, Table 1",-1092.661,
qgpo,walker2d,expert,walker2d-expert-v0,2.0,,critic,3,-1258.182,1861.47,-86157.689,127469.633,-1876.835,2776.71,110.7,"QGPO paper, Lu et al. 2023, Table 1",-1987.535,
qgpo,walker2d,expert,walker2d-expert-v0,3.0,,critic,3,-2945.854,4236.287,-201725.968,290092.155,-4394.294,6319.167,110.7,"QGPO paper, Lu et al. 2023, Table 1",-4504.994,
qgpo,walker2d,expert,walker2d-expert-v0,5.0,,critic,3,-4476.804,6380.986,-306562.243,436956.717,-6677.975,9518.363,110.7,"QGPO paper, Lu et al. 2023, Table 1",-6788.675,
qgpo,walker2d,expert,walker2d-expert-v0,8.0,,critic,3,-4990.574,7075.36,-341744.185,484505.981,-7444.354,10554.143,110.7,"QGPO paper, Lu et al. 2023, Table 1",-7555.054,
qgpo,walker2d,expert,walker2d-expert-v0,10.0,,critic,3,-25167.815,35604.427,-1723439.811,2438117.35,-37542.256,53110.261,110.7,"QGPO paper, Lu et al. 2023, Table 1",-37652.956,
qgpo,humanoid,medium,humanoid-medium-v0,0.0,,critic,3,80.897,5.102,6959.444,438.878,,,,"QGPO paper, Lu et al. 2023, Table 1",,humanoid not in D4RL papers
qgpo,humanoid,medium,humanoid-medium-v0,1.0,,critic,3,81.328,10.163,6996.553,874.285,,,,"QGPO paper, Lu et al. 2023, Table 1",,humanoid not in D4RL papers
qgpo,humanoid,medium,humanoid-medium-v0,2.0,,critic,3,76.672,9.307,6595.944,800.696,,,,"QGPO paper, Lu et al. 2023, Table 1",,humanoid not in D4RL papers
qgpo,humanoid,medium,humanoid-medium-v0,3.0,,critic,3,81.225,4.527,6987.69,389.428,,,,"QGPO paper, Lu et al. 2023, Table 1",,humanoid not in D4RL papers
qgpo,humanoid,medium,humanoid-medium-v0,5.0,,critic,3,66.727,10.506,5740.417,903.773,,,,"QGPO paper, Lu et al. 2023, Table 1",,humanoid not in D4RL papers
qgpo,humanoid,medium,humanoid-medium-v0,8.0,,critic,3,50.927,17.581,4381.167,1512.495,,,,"QGPO paper, Lu et al. 2023, Table 1",,humanoid not in D4RL papers
qgpo,humanoid,medium,humanoid-medium-v0,10.0,,critic,3,42.231,27.656,3633.034,2379.234,,,,"QGPO paper, Lu et al. 2023, Table 1",,humanoid not in D4RL papers
qgpo,humanoid,expert,humanoid-expert-v0,0.0,,critic,3,-8700.949,12444.891,-748529.572,1070615.307,,,,"QGPO paper, Lu et al. 2023, Table 1",,humanoid not in D4RL papers
qgpo,humanoid,expert,humanoid-expert-v0,1.0,,critic,3,-10439.065,14876.952,-898057.119,1279841.899,,,,"QGPO paper, Lu et al. 2023, Table 1",,humanoid not in D4RL papers
qgpo,humanoid,expert,humanoid-expert-v0,2.0,,critic,3,-13167.281,18754.09,-1132761.496,1613386.273,,,,"QGPO paper, Lu et al. 2023, Table 1",,humanoid not in D4RL papers
qgpo,humanoid,expert,humanoid-expert-v0,3.0,,critic,3,-22104.089,31357.379,-1901581.712,2697628.312,,,,"QGPO paper, Lu et al. 2023, Table 1",,humanoid not in D4RL papers
qgpo,humanoid,expert,humanoid-expert-v0,5.0,,critic,3,-46072.364,65194.573,-3963536.448,5608591.469,,,,"QGPO paper, Lu et al. 2023, Table 1",,humanoid not in D4RL papers
qgpo,humanoid,expert,humanoid-expert-v0,8.0,,critic,3,-70674.812,99970.989,-6080048.246,8600354.45,,,,"QGPO paper, Lu et al. 2023, Table 1",,humanoid not in D4RL papers
qgpo,humanoid,expert,humanoid-expert-v0,10.0,,critic,3,-85172.407,120465.271,-7327254.598,10363446.878,,,,"QGPO paper, Lu et al. 2023, Table 1",,humanoid not in D4RL papers
